{"fileType":"pptx","placeholders":["{{Description 1 goes here.}}","{{Description 2 goes here.}}","{{Description 3 goes here.}}","{{Description 4 goes here.}}","{{Description 5 goes here.}}","{{Description 6 goes here.}}","{{1954}}","{{1976}}","{{1983}}","{{1995}}","{{2007}}","{{2020}}"],"placeholderMappings":{"{{Description 2 goes here.}}":{"left":20.729166666666668,"top":11.782400116652084,"width":11.783850065616798,"height":16.62037037037037,"fontSize":17,"align":"CENTER","color":"#1e293b","isBold":false,"isItalic":false,"slide_index":0},"{{1954}}":{"left":7.6171833989501305,"top":16.6435112277632,"width":10.833333333333334,"height":10.115733449985418,"fontSize":36,"align":"LEFT","color":"#000000","isBold":true,"isItalic":false,"slide_index":0},"{{1976}}":{"left":22.460933398950132,"top":74.37499270924468,"width":10.950516732283464,"height":10.115733449985418,"fontSize":36,"align":"LEFT","color":"#000000","isBold":true,"isItalic":false,"slide_index":0},"{{1983}}":{"left":37.98176673228347,"top":16.6435112277632,"width":11.015625,"height":10.115733449985418,"fontSize":36,"align":"LEFT","color":"#000000","isBold":true,"isItalic":false,"slide_index":0},"{{1995}}":{"left":52.734375,"top":74.37499270924468,"width":10.989583333333334,"height":10.115733449985418,"fontSize":36,"align":"LEFT","color":"#000000","isBold":true,"isItalic":false,"slide_index":0},"{{2007}}":{"left":68.00780839895013,"top":16.6435112277632,"width":12.174475065616798,"height":10.115733449985418,"fontSize":36,"align":"LEFT","color":"#000000","isBold":true,"isItalic":false,"slide_index":0},"{{2020}}":{"left":82.91666666666667,"top":74.37499270924468,"width":12.265625,"height":10.115733449985418,"fontSize":36,"align":"LEFT","color":"#000000","isBold":true,"isItalic":false,"slide_index":0},"{{Description 4 goes here.}}":{"left":50.911458333333336,"top":12.800918635170605,"width":11.796875,"height":16.5972149314669,"fontSize":17,"align":"CENTER","color":"#1e293b","isBold":false,"isItalic":false,"slide_index":0},"{{Description 6 goes here.}}":{"left":81.10676673228346,"top":12.800918635170605,"width":11.783850065616798,"height":16.5972149314669,"fontSize":17,"align":"CENTER","color":"#1e293b","isBold":false,"isItalic":false,"slide_index":0},"{{Description 1 goes here.}}":{"left":5.533850065616798,"top":69.51388159813357,"width":11.796875,"height":16.5972149314669,"fontSize":17,"align":"CENTER","color":"#1e293b","isBold":false,"isItalic":false,"slide_index":0},"{{Description 3 goes here.}}":{"left":35.729166666666664,"top":70.53240011665208,"width":11.783850065616798,"height":16.5972149314669,"fontSize":17,"align":"CENTER","color":"#1e293b","isBold":false,"isItalic":false,"slide_index":0},"{{Description 5 goes here.}}":{"left":65.91145833333333,"top":70.53240011665208,"width":11.796875,"height":16.5972149314669,"fontSize":17,"align":"CENTER","color":"#1e293b","isBold":false,"isItalic":false,"slide_index":0}},"slideWidth":12192000,"slideHeight":6858000}