{"fileType":"pptx","placeholders":["{{Title}}","{{Lorem Ipsum 1}}","{{Lorem Ipsum 3}}","{{Lorem Ipsum 5}}","{{Lorem Ipsum 7}}"],"placeholderMappings":{"{{Title}}":{"left":6.875000000000001,"top":2.3837999416739577,"width":93.125,"height":10.77655293088364,"fontSize":18,"align":"CENTER","color":"#1e293b","isBold":false,"isItalic":false,"slide_index":0},"{{Lorem Ipsum 1}}":{"left":5.781717519685039,"top":15.864975211431902,"width":14.194685039370079,"height":12.11719160104987,"fontSize":24,"align":"CENTER","color":"#1e293b","isBold":true,"isItalic":false,"slide_index":0},"{{Lorem Ipsum 3}}":{"left":27.865050853018374,"top":19.19830854476524,"width":14.194685039370079,"height":12.11719160104987,"fontSize":24,"align":"CENTER","color":"#1e293b","isBold":true,"isItalic":false,"slide_index":0},"{{Lorem Ipsum 5}}":{"left":60.2608841863517,"top":6.050160396617089,"width":14.194685039370079,"height":12.11719160104987,"fontSize":24,"align":"CENTER","color":"#1e293b","isBold":true,"isItalic":false,"slide_index":0},"{{Lorem Ipsum 7}}":{"left":81.61505085301837,"top":11.79090113735783,"width":14.194685039370079,"height":12.11719160104987,"fontSize":24,"align":"CENTER","color":"#1e293b","isBold":true,"isItalic":false,"slide_index":0}},"slideWidth":12192000,"slideHeight":6858000}