{"fileType":"pptx","placeholders":["{{Description 1 goes here}}","{{Description 2 goes here}}","{{Description 3 goes here}}","{{Description 4 goes here}}","{{Description 5 goes here}}","{{Description 6 goes here}}","{{Description 7 goes here}}","{{Description 8 goes here}}"],"placeholderMappings":{"{{Description 1 goes here}}":{"left":3.8281250000000004,"top":14.583333333333334,"width":9.96093339895013,"height":13.912029746281714,"fontSize":14,"align":"CENTER","color":"#1e293b","isBold":false,"isItalic":false,"slide_index":0},"{{Description 3 goes here}}":{"left":26.7838500656168,"top":14.583333333333334,"width":9.973958333333334,"height":13.912029746281714,"fontSize":18,"align":"CENTER","color":"#1e293b","isBold":false,"isItalic":false,"slide_index":0},"{{Description 5 goes here}}":{"left":49.62239173228347,"top":14.583333333333334,"width":9.96093339895013,"height":13.912029746281714,"fontSize":18,"align":"CENTER","color":"#1e293b","isBold":false,"isItalic":false,"slide_index":0},"{{Description 7 goes here}}":{"left":72.578125,"top":14.583333333333334,"width":9.973958333333334,"height":13.912029746281714,"fontSize":18,"align":"CENTER","color":"#1e293b","isBold":false,"isItalic":false,"slide_index":0},"{{Description 2 goes here}}":{"left":15.364583333333334,"top":72.19906678331876,"width":9.973958333333334,"height":13.912029746281714,"fontSize":18,"align":"CENTER","color":"#1e293b","isBold":false,"isItalic":false,"slide_index":0},"{{Description 4 goes here}}":{"left":38.333333333333336,"top":72.19906678331876,"width":9.96093339895013,"height":13.912029746281714,"fontSize":18,"align":"CENTER","color":"#1e293b","isBold":false,"isItalic":false,"slide_index":0},"{{Description 6 goes here}}":{"left":61.1588500656168,"top":72.19906678331876,"width":9.973958333333334,"height":13.912029746281714,"fontSize":18,"align":"CENTER","color":"#1e293b","isBold":false,"isItalic":false,"slide_index":0},"{{Description 8 goes here}}":{"left":84.1276000656168,"top":72.19906678331876,"width":9.96093339895013,"height":13.912029746281714,"fontSize":18,"align":"CENTER","color":"#1e293b","isBold":false,"isItalic":false,"slide_index":0}},"slideWidth":12192000,"slideHeight":6858000}