{"fileType":"pptx","placeholders":["{{Heading 1}}","{{Description 1 goes here}}","{{Heading 2}}","{{Description 2 goes here}}","{{Heading 3}}","{{Description 3 goes here}}"],"placeholderMappings":{"{{Description 2 goes here}}":{"left":79.0625,"top":17.87037037037037,"width":19.10155839895013,"height":13.912029746281714,"fontSize":18,"align":"CENTER","color":"#1e293b","isBold":false,"isItalic":false,"slide_index":0},"{{Heading 2}}":{"left":79.6875,"top":12.800918635170605,"width":12.903641732283463,"height":7.708326042578011,"fontSize":18,"align":"LEFT","color":"#1e293b","isBold":true,"isItalic":false,"slide_index":0},"{{Heading 3}}":{"left":79.609375,"top":67.36111111111111,"width":13.854166666666668,"height":7.708326042578011,"fontSize":18,"align":"LEFT","color":"#1e293b","isBold":true,"isItalic":false,"slide_index":0},"{{Heading 1}}":{"left":9.615387139107611,"top":39.524569845435984,"width":11.091740485564303,"height":7.708326042578011,"fontSize":18,"align":"RIGHT","color":"#1e293b","isBold":true,"isItalic":false,"slide_index":0},"{{Description 3 goes here}}":{"left":79.0625,"top":72.4074074074074,"width":19.10155839895013,"height":13.912029746281714,"fontSize":18,"align":"CENTER","color":"#1e293b","isBold":false,"isItalic":false,"slide_index":0},"{{Description 1 goes here}}":{"left":2.4348917322834644,"top":45.18518518518518,"width":19.10155839895013,"height":13.912029746281714,"fontSize":18,"align":"RIGHT","color":"#1e293b","isBold":false,"isItalic":false,"slide_index":0}},"slideWidth":12192000,"slideHeight":6858000}