{"fileType":"pptx","placeholders":["{{Description 1 goes here}}","{{Description 2 goes here}}","{{Description 3 goes here}}","{{Description 4 goes here}}","{{Description 5 goes here}}","{{1988}}","{{2001}}","{{2009}}","{{2018}}","{{2029}}"],"placeholderMappings":{"{{Description 2 goes here}}":{"left":24.882808398950132,"top":13.564814814814815,"width":14.088541666666668,"height":12.800918635170605,"fontSize":18,"align":"CENTER","color":"#1e293b","isBold":false,"isItalic":false,"slide_index":0},"{{1988}}":{"left":5.896522309711286,"top":47.36111111111111,"width":10.113713910761154,"height":6.481481481481481,"fontSize":24,"align":"LEFT","color":"#FFFFFF","isBold":true,"isItalic":false,"slide_index":0},"{{2001}}":{"left":24.117011154855643,"top":47.36111111111111,"width":9.750180446194227,"height":6.481481481481481,"fontSize":24,"align":"LEFT","color":"#FFFFFF","isBold":true,"isItalic":false,"slide_index":0},"{{2009}}":{"left":41.76674868766404,"top":47.36111111111111,"width":10.45980971128609,"height":6.481481481481481,"fontSize":24,"align":"LEFT","color":"#FFFFFF","isBold":true,"isItalic":false,"slide_index":0},"{{2018}}":{"left":59.88921423884514,"top":47.36111111111111,"width":10.019644028871392,"height":6.481481481481481,"fontSize":24,"align":"LEFT","color":"#FFFFFF","isBold":true,"isItalic":false,"slide_index":0},"{{2029}}":{"left":78.08430118110236,"top":47.36111111111111,"width":10.144865485564305,"height":6.481481481481481,"fontSize":24,"align":"LEFT","color":"#FFFFFF","isBold":true,"isItalic":false,"slide_index":0},"{{Description 4 goes here}}":{"left":61.04166666666667,"top":13.564814814814815,"width":14.075516732283463,"height":12.800918635170605,"fontSize":18,"align":"CENTER","color":"#1e293b","isBold":false,"isItalic":false,"slide_index":0},"{{Description 1 goes here}}":{"left":7.552083333333333,"top":74.25925925925925,"width":14.088541666666668,"height":12.777777777777777,"fontSize":17,"align":"CENTER","color":"#1e293b","isBold":false,"isItalic":false,"slide_index":0},"{{Description 3 goes here}}":{"left":43.697916666666664,"top":74.25925925925925,"width":14.088541666666668,"height":12.777777777777777,"fontSize":18,"align":"CENTER","color":"#1e293b","isBold":false,"isItalic":false,"slide_index":0},"{{Description 5 goes here}}":{"left":79.84375,"top":74.83795567220764,"width":14.088541666666668,"height":12.777777777777777,"fontSize":18,"align":"CENTER","color":"#1e293b","isBold":false,"isItalic":false,"slide_index":0}},"slideWidth":12192000,"slideHeight":6858000}