{"fileType":"pptx","placeholders":["{{Title}}","{{Point 1}}","{{Description 1}}","{{Point 2}}","{{Description 2}}","{{Point 3}}","{{Description 3}}","{{Point 4}}","{{Description 4}}","{{Point 5}}","{{Description 5}}"],"placeholderMappings":{"{{Title}}":{"left":6.875000000000001,"top":2.3837999416739577,"width":93.125,"height":10.77655293088364,"fontSize":18,"align":"CENTER","color":"#1e293b","isBold":false,"isItalic":false,"slide_index":0},"{{Point 1}}":{"left":19.767724737532806,"top":19.78989501312336,"width":12.898597440944881,"height":5.029994167395743,"fontSize":18,"align":"CENTER","color":"#1e293b","isBold":true,"isItalic":false,"slide_index":0},"{{Description 1}}":{"left":33.07299868766404,"top":19.78989501312336,"width":10.984612860892389,"height":9.172338874307378,"fontSize":10.5,"align":"CENTER","color":"#1e293b","isBold":false,"isItalic":false,"slide_index":0},"{{Point 2}}":{"left":59.295677493438326,"top":33.84428404782736,"width":12.898597440944881,"height":5.029994167395743,"fontSize":18,"align":"CENTER","color":"#1e293b","isBold":true,"isItalic":false,"slide_index":0},"{{Description 2}}":{"left":72.60095144356956,"top":33.84428404782736,"width":10.984612860892389,"height":9.172338874307378,"fontSize":10.5,"align":"CENTER","color":"#1e293b","isBold":false,"isItalic":false,"slide_index":0},"{{Point 3}}":{"left":19.767724737532806,"top":47.898658501020705,"width":12.898597440944881,"height":5.029994167395743,"fontSize":18,"align":"CENTER","color":"#1e293b","isBold":true,"isItalic":false,"slide_index":0},"{{Description 3}}":{"left":33.07299868766404,"top":47.898658501020705,"width":10.984612860892389,"height":9.172338874307378,"fontSize":10.5,"align":"CENTER","color":"#1e293b","isBold":false,"isItalic":false,"slide_index":0},"{{Point 4}}":{"left":59.295677493438326,"top":61.95304753572471,"width":12.898597440944881,"height":5.029994167395743,"fontSize":18,"align":"CENTER","color":"#1e293b","isBold":true,"isItalic":false,"slide_index":0},"{{Description 4}}":{"left":72.60095144356956,"top":61.95304753572471,"width":10.984612860892389,"height":9.172338874307378,"fontSize":10.5,"align":"CENTER","color":"#1e293b","isBold":false,"isItalic":false,"slide_index":0},"{{Point 5}}":{"left":19.767724737532806,"top":76.00742198891805,"width":12.898597440944881,"height":5.029994167395743,"fontSize":18,"align":"CENTER","color":"#1e293b","isBold":true,"isItalic":false,"slide_index":0},"{{Description 5}}":{"left":33.07299868766404,"top":76.00742198891805,"width":10.984612860892389,"height":9.172338874307378,"fontSize":10.5,"align":"CENTER","color":"#666666","isBold":false,"isItalic":false,"slide_index":0}},"slideWidth":12192000,"slideHeight":6858000}