{"fileType":"pptx","placeholders":["{{Enter your Title}}","{{your Heading}}","{{Your Heading}}","{{your Description }}"],"placeholderMappings":{"{{Enter your Title}}":{"left":6.875000000000001,"top":2.3837999416739577,"width":93.125,"height":10.77655293088364,"fontSize":18,"align":"CENTER","color":"#1e293b","isBold":false,"isItalic":false,"slide_index":0},"{{your Heading}}":{"left":29.76332841207349,"top":45.63550597841937,"width":16.997022703427966,"height":5.834207779031709,"fontSize":20,"align":"CENTER","color":"#1e293b","isBold":true,"isItalic":false,"slide_index":0},"{{your Description }}":{"left":29.763336548540536,"top":51.21246773012221,"width":16.997022703427966,"height":4.03906332849546,"fontSize":12,"align":"CENTER","color":"#1e293b","isBold":false,"isItalic":false,"slide_index":0},"{{Your Heading}}":{"left":54.51369750656168,"top":30.2753280839895,"width":16.997022703427966,"height":5.8342108089134275,"fontSize":20,"align":"RIGHT","color":"#1e293b","isBold":true,"isItalic":false,"slide_index":0}},"slideWidth":12192000,"slideHeight":6858000}