{"fileType":"pptx","placeholders":["{{Description 1 goes here.}}","{{Description 2 goes here.}}","{{Description 3 goes here.}}","{{Description 4 goes here.}}","{{Description 5 goes here.}}","{{Description 6 goes here.}}","{{Description 7 goes here.}}","{{1983}}","{{1995}}","{{2003}}","{{2011}}","{{2015}}","{{2018}}","{{2025}}"],"placeholderMappings":{"{{Description 2 goes here.}}":{"left":17.369791666666668,"top":22.060177894429863,"width":12.356766732283464,"height":11.435185185185185,"fontSize":15,"align":"CENTER","color":"#1e293b","isBold":false,"isItalic":false,"slide_index":0},"{{1995}}":{"left":18.463525262467193,"top":14.768533100029163,"width":10.781266404199476,"height":4.513867016622922,"fontSize":27,"align":"LEFT","color":"#1e293b","isBold":true,"isItalic":false,"slide_index":0},"{{2011}}":{"left":45.13020013123359,"top":14.768518518518519,"width":10.559899934383202,"height":4.513867016622922,"fontSize":27,"align":"LEFT","color":"#1e293b","isBold":true,"isItalic":false,"slide_index":0},"{{Description 4 goes here.}}":{"left":44.0625,"top":22.430548264800233,"width":12.356766732283464,"height":11.435185185185185,"fontSize":15,"align":"CENTER","color":"#1e293b","isBold":false,"isItalic":false,"slide_index":0},"{{2018}}":{"left":70.9765748031496,"top":14.768518518518519,"width":11.158841863517061,"height":5.023140857392826,"fontSize":27,"align":"LEFT","color":"#1e293b","isBold":true,"isItalic":false,"slide_index":0},"{{Description 6 goes here.}}":{"left":70.75520833333333,"top":22.060177894429863,"width":12.356766732283464,"height":11.435185185185185,"fontSize":15,"align":"CENTER","color":"#1e293b","isBold":false,"isItalic":false,"slide_index":0},"{{1983}}":{"left":5.260408464566929,"top":67.5,"width":10.859375,"height":6.273140857392826,"fontSize":27,"align":"LEFT","color":"#1e293b","isBold":true,"isItalic":false,"slide_index":0},"{{Description 1 goes here.}}":{"left":4.036458333333334,"top":74.62962962962963,"width":12.356766732283464,"height":11.435185185185185,"fontSize":15,"align":"CENTER","color":"#1e293b","isBold":false,"isItalic":false,"slide_index":0},"{{2003}}":{"left":31.419266732283464,"top":67.50001458151064,"width":11.640625,"height":5.532385535141441,"fontSize":27,"align":"LEFT","color":"#1e293b","isBold":true,"isItalic":false,"slide_index":0},"{{Description 3 goes here.}}":{"left":30.273441601049868,"top":74.97684456109653,"width":12.812491797900263,"height":11.458326042578012,"fontSize":18,"align":"CENTER","color":"#1e293b","isBold":false,"isItalic":false,"slide_index":0},"{{2015}}":{"left":58.35936679790026,"top":67.5,"width":10.859375,"height":5.532385535141441,"fontSize":27,"align":"LEFT","color":"#1e293b","isBold":true,"isItalic":false,"slide_index":0},"{{Description 5 goes here.}}":{"left":57.265625,"top":74.62962962962963,"width":12.812491797900263,"height":11.435185185185185,"fontSize":18,"align":"CENTER","color":"#1e293b","isBold":false,"isItalic":false,"slide_index":0},"{{2025}}":{"left":84.51821686351705,"top":67.5,"width":11.289074803149607,"height":6.273140857392826,"fontSize":27,"align":"LEFT","color":"#1e293b","isBold":true,"isItalic":false,"slide_index":0},"{{Description 7 goes here.}}":{"left":83.88020833333333,"top":74.62962962962963,"width":12.369791666666668,"height":11.435185185185185,"fontSize":15,"align":"CENTER","color":"#1e293b","isBold":false,"isItalic":false,"slide_index":0}},"slideWidth":12192000,"slideHeight":6858000}