{"fileType":"pptx","placeholders":["{{Tile Goes Here}}","{{Heading 1}}","{{Description 1 goes here}}","{{Heading 2}}","{{Description 2 goes here}}","{{Heading 3}}","{{Description 3 goes here}}","{{Heading 4}}","{{Description 4 goes here}}"],"placeholderMappings":{"{{Tile Goes Here}}":{"left":6.875000000000001,"top":2.3837999416739577,"width":93.125,"height":10.77655293088364,"fontSize":18,"align":"CENTER","color":"#1e293b","isBold":false,"isItalic":false,"slide_index":0},"{{Heading 2}}":{"left":32.975205052493436,"top":47.216754155730534,"width":13.875000000000002,"height":5.385418489355497,"fontSize":18,"align":"CENTER","color":"#1e293b","isBold":true,"isItalic":false,"slide_index":0},"{{Description 2 goes here}}":{"left":32.975205052493436,"top":52.56558763487897,"width":13.875000000000002,"height":4.039063867016623,"fontSize":12,"align":"CENTER","color":"#1e293b","isBold":false,"isItalic":false,"slide_index":0},"{{Heading 3}}":{"left":53.614747375328086,"top":47.216754155730534,"width":13.875000000000002,"height":5.385418489355497,"fontSize":18,"align":"CENTER","color":"#1e293b","isBold":true,"isItalic":false,"slide_index":0},"{{Description 3 goes here}}":{"left":53.614747375328086,"top":52.56558763487897,"width":13.875000000000002,"height":4.039063867016623,"fontSize":12,"align":"CENTER","color":"#1e293b","isBold":false,"isItalic":false,"slide_index":0},"{{Heading 4}}":{"left":74.71939796587927,"top":47.216754155730534,"width":13.875000000000002,"height":5.385418489355497,"fontSize":18,"align":"CENTER","color":"#1e293b","isBold":true,"isItalic":false,"slide_index":0},"{{Description 4 goes here}}":{"left":74.71939796587927,"top":52.56558763487897,"width":13.875000000000002,"height":4.039063867016623,"fontSize":12,"align":"CENTER","color":"#1e293b","isBold":false,"isItalic":false,"slide_index":0},"{{Heading 1}}":{"left":10.758218503937007,"top":47.216754155730534,"width":13.875000000000002,"height":5.385418489355497,"fontSize":18,"align":"CENTER","color":"#1e293b","isBold":true,"isItalic":false,"slide_index":0},"{{Description 1 goes here}}":{"left":10.99846620734908,"top":52.56558763487897,"width":13.875000000000002,"height":4.039063867016623,"fontSize":12,"align":"CENTER","color":"#1e293b","isBold":false,"isItalic":false,"slide_index":0}},"slideWidth":12192000,"slideHeight":6858000}