{"fileType":"pptx","placeholders":["{{Title}}","{{Point 1}}","{{Description 1}}","{{Point 2}}","{{Description 2}}","{{Point 3}}","{{Description 3}}"],"placeholderMappings":{"{{Title}}":{"left":6.875000000000001,"top":2.3837999416739577,"width":93.125,"height":10.77655293088364,"fontSize":18,"align":"CENTER","color":"#1e293b","isBold":false,"isItalic":false,"slide_index":0},"{{Point 1}}":{"left":7.354166666666667,"top":66.33576844561097,"width":24,"height":6.731773111694371,"fontSize":24,"align":"CENTER","color":"#1e293b","isBold":true,"isItalic":false,"slide_index":0},"{{Description 1}}":{"left":7.354166666666667,"top":73.03095654709828,"width":24,"height":4.039063867016623,"fontSize":12,"align":"CENTER","color":"#1e293b","isBold":false,"isItalic":false,"slide_index":0},"{{Point 2}}":{"left":36.779306102362206,"top":66.33576844561097,"width":24,"height":6.731773111694371,"fontSize":24,"align":"CENTER","color":"#1e293b","isBold":true,"isItalic":false,"slide_index":0},"{{Description 2}}":{"left":36.779306102362206,"top":73.03095654709828,"width":24,"height":4.039063867016623,"fontSize":12,"align":"CENTER","color":"#1e293b","isBold":false,"isItalic":false,"slide_index":0},"{{Point 3}}":{"left":66.20625,"top":66.33576844561097,"width":24,"height":6.731773111694371,"fontSize":24,"align":"CENTER","color":"#1e293b","isBold":true,"isItalic":false,"slide_index":0},"{{Description 3}}":{"left":66.20625,"top":73.03095654709828,"width":24,"height":4.039063867016623,"fontSize":12,"align":"CENTER","color":"#1e293b","isBold":false,"isItalic":false,"slide_index":0}},"slideWidth":12192000,"slideHeight":6858000}