{"fileType":"pptx","placeholders":["{{Description 1 goes here}}","{{Description 2 goes here}}","{{Description 3 goes here}}","{{Description 4 goes here}}","{{Description 5 goes here}}","{{Description 6 goes here}}","{{Description 7 goes here}}","{{Description 8 goes here}}","{{1960}}","{{1975}}","{{1990}}","{{2000}}","{{2010}}","{{2017}}","{{2021}}","{{2028}}"],"placeholderMappings":{"{{Description 2 goes here}}":{"left":16.40625,"top":12.824074074074074,"width":10.065100065616798,"height":13.912029746281714,"fontSize":18,"align":"CENTER","color":"#1e293b","isBold":false,"isItalic":false,"slide_index":0},"{{1975}}":{"left":17.786458333333332,"top":38.81943715368912,"width":9.075516732283464,"height":8.726844561096529,"fontSize":31,"align":"LEFT","color":"#424242","isBold":false,"isItalic":false,"slide_index":0},"{{2000}}":{"left":40.260416666666664,"top":38.81943715368912,"width":10.729166666666666,"height":8.726844561096529,"fontSize":31,"align":"LEFT","color":"#424242","isBold":false,"isItalic":false,"slide_index":0},"{{Description 4 goes here}}":{"left":39.244791666666664,"top":12.824074074074074,"width":10.065100065616798,"height":13.912029746281714,"fontSize":18,"align":"CENTER","color":"#1e293b","isBold":false,"isItalic":false,"slide_index":0},"{{2017}}":{"left":63.5026000656168,"top":38.81943715368912,"width":9.335933398950132,"height":8.726844561096529,"fontSize":31,"align":"LEFT","color":"#424242","isBold":false,"isItalic":false,"slide_index":0},"{{Description 6 goes here}}":{"left":62.20051673228346,"top":12.754622338874308,"width":10.065100065616798,"height":13.912029746281714,"fontSize":18,"align":"CENTER","color":"#1e293b","isBold":false,"isItalic":false,"slide_index":0},"{{2028}}":{"left":86.41926673228346,"top":38.81943715368912,"width":10.260416666666666,"height":8.726844561096529,"fontSize":31,"align":"LEFT","color":"#424242","isBold":false,"isItalic":false,"slide_index":0},"{{Description 8 goes here}}":{"left":85.03905839895013,"top":12.754622338874308,"width":10.078125,"height":13.912029746281714,"fontSize":18,"align":"CENTER","color":"#1e293b","isBold":false,"isItalic":false,"slide_index":0},"{{1960}}":{"left":6.575516732283465,"top":53.65740740740741,"width":9.596350065616797,"height":8.726844561096529,"fontSize":31,"align":"LEFT","color":"#424242","isBold":false,"isItalic":false,"slide_index":0},"{{Description 1 goes here}}":{"left":5.195308398950131,"top":73.14814814814815,"width":10.065100065616798,"height":13.912029746281714,"fontSize":18,"align":"CENTER","color":"#1e293b","isBold":false,"isItalic":false,"slide_index":0},"{{1990}}":{"left":29.479166666666668,"top":53.65740740740741,"width":9.596350065616797,"height":8.726844561096529,"fontSize":31,"align":"LEFT","color":"#424242","isBold":false,"isItalic":false,"slide_index":0},"{{Description 3 goes here}}":{"left":28.0338500656168,"top":73.14814814814815,"width":10.065100065616798,"height":13.912029746281714,"fontSize":18,"align":"CENTER","color":"#1e293b","isBold":false,"isItalic":false,"slide_index":0},"{{2010}}":{"left":52.2526000656168,"top":53.65740740740741,"width":9.739583333333334,"height":8.726844561096529,"fontSize":31,"align":"LEFT","color":"#424242","isBold":false,"isItalic":false,"slide_index":0},"{{Description 5 goes here}}":{"left":50.989583333333336,"top":73.07869641294839,"width":10.065100065616798,"height":13.912029746281714,"fontSize":18,"align":"CENTER","color":"#1e293b","isBold":false,"isItalic":false,"slide_index":0},"{{2021}}":{"left":74.90885006561679,"top":53.65740740740741,"width":9.401041666666666,"height":8.726844561096529,"fontSize":31,"align":"LEFT","color":"#424242","isBold":false,"isItalic":false,"slide_index":0},"{{Description 7 goes here}}":{"left":73.828125,"top":73.07869641294839,"width":10.065100065616798,"height":13.912029746281714,"fontSize":18,"align":"CENTER","color":"#1e293b","isBold":false,"isItalic":false,"slide_index":0}},"slideWidth":12192000,"slideHeight":6858000}