{"fileType":"pptx","placeholders":["{{Description 1 goes here}}","{{Description 2 goes here}}","{{Description 3 goes here}}","{{Description 4 goes here}}","{{Description 5 goes here}}","{{Description 6 goes here}}","{{1954}}","{{1976}}","{{1993}}","{{2001}}","{{2017}}","{{2035}}"],"placeholderMappings":{"{{Description 2 goes here}}":{"left":19.244791666666668,"top":13.773140857392827,"width":13.593749999999998,"height":12.800918635170605,"fontSize":18,"align":"CENTER","color":"#1e293b","isBold":false,"isItalic":false,"slide_index":0},"{{1954}}":{"left":6.822916666666666,"top":47.083333333333336,"width":8.151041666666666,"height":7.5694371536891225,"fontSize":28,"align":"LEFT","color":"#FFFFFF","isBold":true,"isItalic":false,"slide_index":0},"{{1976}}":{"left":22.760416666666668,"top":47.083333333333336,"width":8.229166666666666,"height":7.5694371536891225,"fontSize":28,"align":"LEFT","color":"#FFFFFF","isBold":true,"isItalic":false,"slide_index":0},"{{1993}}":{"left":38.68489173228347,"top":47.083333333333336,"width":8.255208333333334,"height":7.5694371536891225,"fontSize":28,"align":"LEFT","color":"#FFFFFF","isBold":true,"isItalic":false,"slide_index":0},"{{2001}}":{"left":54.453125,"top":47.083333333333336,"width":8.671875,"height":7.5694371536891225,"fontSize":28,"align":"LEFT","color":"#FFFFFF","isBold":true,"isItalic":false,"slide_index":0},"{{2017}}":{"left":70.52083333333333,"top":47.083333333333336,"width":8.333333333333332,"height":7.5694371536891225,"fontSize":28,"align":"LEFT","color":"#FFFFFF","isBold":true,"isItalic":false,"slide_index":0},"{{2035}}":{"left":86.171875,"top":47.083333333333336,"width":8.945308398950132,"height":7.5694371536891225,"fontSize":28,"align":"LEFT","color":"#FFFFFF","isBold":true,"isItalic":false,"slide_index":0},"{{Description 4 goes here}}":{"left":51.158850065616804,"top":13.773140857392827,"width":13.606766732283464,"height":12.800918635170605,"fontSize":18,"align":"CENTER","color":"#1e293b","isBold":false,"isItalic":false,"slide_index":0},"{{Description 6 goes here}}":{"left":83.08593339895013,"top":13.773140857392827,"width":13.593749999999998,"height":12.800918635170605,"fontSize":18,"align":"CENTER","color":"#1e293b","isBold":false,"isItalic":false,"slide_index":0},"{{Description 1 goes here}}":{"left":2.5892962598425195,"top":74.65277048702245,"width":14.259662073490814,"height":12.777777777777777,"fontSize":17,"align":"CENTER","color":"#1e293b","isBold":false,"isItalic":false,"slide_index":0},"{{Description 3 goes here}}":{"left":35.16926673228347,"top":74.65277048702245,"width":13.593749999999998,"height":12.777777777777777,"fontSize":18,"align":"CENTER","color":"#1e293b","isBold":false,"isItalic":false,"slide_index":0},"{{Description 5 goes here}}":{"left":67.08333333333333,"top":74.65277048702245,"width":13.606766732283464,"height":12.777777777777777,"fontSize":18,"align":"CENTER","color":"#1e293b","isBold":false,"isItalic":false,"slide_index":0}},"slideWidth":12192000,"slideHeight":6858000}