{"fileType":"pptx","placeholders":["{{Title A}}","{{Title B}}","{{Title C}}","{{Title D}}","{{Title E}}","{{TITLE GOES HERE}}","{{Description A goes here}}","{{Description B goes here}}","{{Description C goes here}}","{{Description D goes here}}","{{Description E goes here}}"],"placeholderMappings":{"{{TITLE GOES HERE}}":{"left":13.03353838582677,"top":8.875575969670457,"width":73.93292322834645,"height":10.136001749781277,"fontSize":39.17,"align":"CENTER","color":"#1e293b","isBold":true,"isItalic":false,"slide_index":0},"{{Title A}}":{"left":11.263024934383202,"top":27.250320793234177,"width":11.848974737532808,"height":5.834208223972003,"fontSize":20,"align":"CENTER","color":"#1e293b","isBold":true,"isItalic":false,"slide_index":0},"{{Description A goes here}}":{"left":9.086015419947506,"top":33.45787401574803,"width":16.202977362204724,"height":6.5840478273549135,"fontSize":11.67,"align":"CENTER","color":"#1e293b","isBold":false,"isItalic":false,"slide_index":0},"{{Title B}}":{"left":27.675853018372703,"top":27.250320793234177,"width":11.835826771653544,"height":5.834208223972003,"fontSize":20,"align":"CENTER","color":"#1e293b","isBold":true,"isItalic":false,"slide_index":0},"{{Description B goes here}}":{"left":25.492265419947508,"top":33.45787401574803,"width":16.202977362204724,"height":6.5840478273549135,"fontSize":11.67,"align":"CENTER","color":"#1e293b","isBold":false,"isItalic":false,"slide_index":0},"{{Title C}}":{"left":44.11496883202099,"top":27.611169437153688,"width":11.770086942257219,"height":5.834208223972003,"fontSize":20,"align":"CENTER","color":"#1e293b","isBold":true,"isItalic":false,"slide_index":0},"{{Description C goes here}}":{"left":41.89851541994751,"top":33.818737241178184,"width":16.202977362204724,"height":6.5840478273549135,"fontSize":11.67,"align":"CENTER","color":"#1e293b","isBold":false,"isItalic":false,"slide_index":0},"{{Title D}}":{"left":60.42262139107611,"top":27.250320793234177,"width":11.967306430446193,"height":5.834208223972003,"fontSize":20,"align":"CENTER","color":"#1e293b","isBold":true,"isItalic":false,"slide_index":0},"{{Description D goes here}}":{"left":58.3047654199475,"top":33.45787401574803,"width":16.202977362204724,"height":6.5840478273549135,"fontSize":11.67,"align":"CENTER","color":"#1e293b","isBold":false,"isItalic":false,"slide_index":0},"{{Title E}}":{"left":76.99320866141733,"top":27.611169437153688,"width":11.638607283464566,"height":5.834208223972003,"fontSize":20,"align":"CENTER","color":"#1e293b","isBold":true,"isItalic":false,"slide_index":0},"{{Description E goes here}}":{"left":74.7110154199475,"top":33.818737241178184,"width":16.202977362204724,"height":6.5840478273549135,"fontSize":11.67,"align":"CENTER","color":"#1e293b","isBold":false,"isItalic":false,"slide_index":0}},"slideWidth":12192000,"slideHeight":6858000}