{"fileType":"pptx","placeholders":["{{Title A}}","{{Title B}}","{{Title C}}","{{Title D}}","{{Title E}}","{{Title F}}","{{Title Goes Here}}","{{Description A goes here}}","{{Description B goes here}}","{{Description C goes here}}","{{Description D goes here}}","{{Description E goes here}}","{{Description F goes here}}"],"placeholderMappings":{"{{Title A}}":{"left":10.004330708661417,"top":23.74841061533975,"width":6.749138779527559,"height":4.513896179644211,"fontSize":20,"align":"CENTER","color":"#1e293b","isBold":true,"isItalic":false,"slide_index":0},"{{Title Goes Here}}":{"left":18.10438812335958,"top":8.330679498396034,"width":63.79123195538058,"height":8.796296296296296,"fontSize":39.17,"align":"CENTER","color":"#000000","isBold":true,"isItalic":false,"slide_index":0},"{{Description A goes here}}":{"left":8.132586942257218,"top":29.03413531641878,"width":10.492634514435697,"height":6.655103528725576,"fontSize":11.83,"align":"CENTER","color":"#1e293b","isBold":false,"isItalic":false,"slide_index":0},"{{Title B}}":{"left":24.872071850393702,"top":88.70826771653543,"width":6.749138779527559,"height":4.513896179644211,"fontSize":20,"align":"CENTER","color":"#1e293b","isBold":true,"isItalic":false,"slide_index":0},"{{Description B goes here}}":{"left":22.890674212598423,"top":76.41946631671041,"width":10.492634514435697,"height":6.655103528725576,"fontSize":11.83,"align":"CENTER","color":"#1e293b","isBold":false,"isItalic":false,"slide_index":0},"{{Title C}}":{"left":39.30120570866142,"top":23.74841061533975,"width":6.749138779527559,"height":4.513896179644211,"fontSize":20,"align":"CENTER","color":"#1e293b","isBold":true,"isItalic":false,"slide_index":0},"{{Description C goes here}}":{"left":37.42946194225722,"top":29.03413531641878,"width":10.492634514435697,"height":6.655103528725576,"fontSize":11.83,"align":"CENTER","color":"#1e293b","isBold":false,"isItalic":false,"slide_index":0},"{{Title E}}":{"left":68.59808070866141,"top":23.74841061533975,"width":6.749138779527559,"height":4.513896179644211,"fontSize":20,"align":"CENTER","color":"#1e293b","isBold":true,"isItalic":false,"slide_index":0},"{{Description E goes here}}":{"left":66.72633694225722,"top":29.03413531641878,"width":10.492634514435697,"height":6.655103528725576,"fontSize":11.83,"align":"CENTER","color":"#1e293b","isBold":false,"isItalic":false,"slide_index":0},"{{Title D}}":{"left":54.168946850393695,"top":88.70826771653543,"width":6.749138779527559,"height":4.513896179644211,"fontSize":20,"align":"CENTER","color":"#1e293b","isBold":true,"isItalic":false,"slide_index":0},"{{Description D goes here}}":{"left":52.18754921259843,"top":76.41946631671041,"width":10.492634514435697,"height":6.655103528725576,"fontSize":11.83,"align":"CENTER","color":"#1e293b","isBold":false,"isItalic":false,"slide_index":0},"{{Title F}}":{"left":83.4658218503937,"top":88.70826771653543,"width":6.749138779527559,"height":4.513896179644211,"fontSize":20,"align":"CENTER","color":"#1e293b","isBold":true,"isItalic":false,"slide_index":0},"{{Description F goes here}}":{"left":81.48442421259843,"top":76.41946631671041,"width":10.492634514435697,"height":6.655103528725576,"fontSize":11.83,"align":"CENTER","color":"#1e293b","isBold":false,"isItalic":false,"slide_index":0}},"slideWidth":12192000,"slideHeight":6858000}